name,average_marks,attendance_percentage,performance_score
Aryan,82.0,85,82.9
Riya,86.66666666666667,92,88.26666666666667
Sneha,92.0,97,93.49999999999999
